group_id,stage,rate,formation_id,define_summoner_id,id_team_level,id_team_star,hero_1,hero_2,hero_3,hero_4,hero_5,boss_slot,id_team_item,id_team_mastery
1,1,1,4,50,101,353,-1,-1,-1,-1,10018,-1,,
2,2,1,4,50,101,353,-1,-1,-1,-1,10006,-1,,
3,3,1,4,50,101,353,-1,-1,-1,-1,20024,-1,,
4,4,1,4,50,101,353,-1,-1,-1,-1,20012,-1,,
5,5,1,4,50,501,353,-1,-1,-1,30012,-1,-1,,
6,6,1,4,50,501,353,-1,-1,-1,-1,30019,-1,,
7,7,1,4,50,501,353,-1,-1,-1,-1,40024,-1,,
8,8,1,4,50,501,353,-1,-1,-1,-1,40022,-1,,
9,9,1,4,50,501,353,-1,-1,-1,-1,50013,-1,,
10,10,1,4,50,1001,353,-1,-1,-1,60013,-1,15,,
11,11,1,4,50,1001,453,-1,-1,10018,-1,10018,-1,,
12,12,1,4,50,1001,453,-1,-1,-1,10016,10017,-1,,
13,13,1,4,50,1001,453,-1,-1,20024,-1,20024,-1,,
14,14,1,4,50,1001,453,-1,-1,-1,20012,20012,-1,,
15,15,1,4,50,1501,453,-1,-1,30019,-1,30019,-1,,
16,16,1,4,50,1501,453,-1,-1,-1,30013,30013,-1,,
17,17,1,4,50,1501,453,-1,-1,40023,-1,40023,-1,,
18,18,1,4,50,1501,453,-1,-1,-1,40012,40012,-1,,
19,19,1,4,50,1501,453,-1,-1,-1,50014,50014,-1,,
20,20,1,4,50,2001,453,-1,-1,50013,-1,50013,15,,
21,21,1,4,50,2001,453,-1,-1,60012,-1,60012,-1,,
22,22,1,4,50,2001,453,-1,-1,60026,-1,60026,-1,,
23,23,1,4,50,2001,453,-1,-1,10006,-1,10006,-1,,
24,24,1,4,50,2001,453,-1,-1,-1,20025,20025,-1,,
25,25,1,4,50,2501,453,-1,-1,-1,20026,20026,-1,,
26,26,1,4,50,2501,453,-1,-1,-1,20016,20016,-1,,
27,27,1,4,50,2501,453,-1,-1,-1,30019,30019,-1,,
28,28,1,4,50,2501,453,-1,-1,50025,-1,50025,-1,,
29,29,1,4,50,2501,453,-1,-1,-1,50005,50026,-1,,
30,30,1,4,50,3001,453,-1,-1,60012,-1,60012,15,,
31,31,1,4,50,3001,553,10006,10006,-1,10018,-1,-1,,
32,32,1,4,50,3001,553,-1,-1,10016,10013,10016,-1,,
33,33,1,4,50,3001,553,20026,20026,-1,20026,-1,-1,,
34,34,1,4,50,3001,553,-1,20012,-1,20025,20025,-1,,
35,35,1,4,50,3501,553,-1,30014,-1,30020,30020,-1,,
36,36,1,4,50,3501,553,-1,-1,30018,30018,30018,-1,,
37,37,1,4,50,3501,553,-1,-1,40023,40023,40023,-1,,
38,38,1,4,50,3501,553,40025,40025,-1,40022,-1,-1,,
39,39,1,4,50,3501,553,-1,-1,50013,50013,50013,-1,,
40,40,1,4,50,4001,553,-1,50005,50025,-1,50025,15,,
41,41,1,4,50,4001,553,-1,-1,60012,60012,60012,-1,,
42,42,1,4,50,4001,553,-1,60013,-1,60021,60021,-1,,
43,43,1,4,50,4001,553,-1,-1,50025,50025,50025,-1,,
44,44,1,4,50,4001,553,-1,-1,40022,40022,40022,-1,,
45,45,1,4,50,4501,553,-1,-1,30020,30020,30020,-1,,
46,46,1,4,50,4501,553,-1,-1,20024,20024,20024,-1,,
47,47,1,4,50,4501,553,-1,-1,20016,20016,20016,-1,,
48,48,1,4,50,4501,553,-1,-1,10013,10013,10013,-1,,
49,49,1,4,50,4501,553,-1,-1,60012,60012,60012,-1,,
50,50,1,4,50,5001,553,-1,-1,50013,50013,50013,15,,
51,51,1,4,50,5001,653,-1,10013,-1,10013,10013,-1,,
52,52,1,4,50,5001,653,-1,-1,10018,10018,10018,-1,,
53,53,1,4,50,5001,653,-1,-1,20012,20012,20012,-1,,
54,54,1,4,50,5001,653,-1,-1,30020,30020,30020,-1,,
55,55,1,4,50,5501,653,-1,-1,30013,30013,30013,-1,,
56,56,1,4,50,5501,653,-1,-1,40022,40022,40022,-1,,
57,57,1,4,50,5501,653,-1,-1,40023,40023,40023,-1,,
58,58,1,4,50,5501,653,-1,-1,50025,50025,50025,-1,,
59,59,1,4,50,5501,653,-1,-1,50013,50013,50013,-1,,
60,60,1,4,50,6001,653,-1,-1,60012,60012,60012,15,,
61,61,1,4,50,6001,653,-1,60026,-1,60026,60026,-1,,
62,62,1,4,50,6001,653,-1,-1,60021,60021,60021,-1,,
63,63,1,4,50,6001,653,-1,60013,60013,60015,-1,-1,,
64,64,1,4,50,6001,653,-1,50013,50005,50026,-1,-1,,
65,65,1,4,50,6501,653,-1,-1,10018,10018,10018,-1,,
66,66,1,4,50,6501,653,-1,10016,10016,10013,-1,-1,,
67,67,1,4,50,6501,653,-1,20012,20012,20026,-1,-1,,
68,68,1,4,50,6501,653,-1,-1,20024,20024,20024,-1,,
69,69,1,4,50,6501,653,-1,30014,30014,30013,-1,-1,,
70,70,1,4,50,7001,653,-1,50013,50013,50025,-1,15,,
71,71,1,4,50,7001,653,-1,50025,50025,50025,50025,-1,,
72,72,1,4,50,7001,653,-1,60012,60012,60012,60012,-1,,
73,73,1,4,50,7001,653,-1,60013,60013,60013,60013,-1,,
74,74,1,4,50,7001,653,-1,50013,50013,50013,50013,-1,,
75,75,1,4,50,7501,653,-1,50005,50005,50005,50005,-1,,
76,76,1,4,50,7501,653,-1,10006,10006,10018,10018,-1,,
77,77,1,4,50,7501,653,-1,20026,20026,20026,20026,-1,,
78,78,1,4,50,7501,653,-1,20012,20012,20012,20012,-1,,
79,79,1,4,50,7501,653,-1,20024,20024,20024,20024,-1,,
80,80,1,4,50,8001,653,-1,20025,20025,20025,20025,15,,
81,81,1,4,50,8001,653,-1,40023,40023,40023,40023,-1,,
82,82,1,4,50,8001,653,-1,30014,30019,30019,30019,-1,,
83,83,1,4,50,8001,653,-1,20012,20025,20025,20025,-1,,
84,84,1,4,50,8001,653,-1,10016,10016,10018,10018,-1,,
85,85,1,4,50,8501,653,-1,60021,60021,60021,60021,-1,,
86,86,1,4,50,8501,653,-1,50013,50013,50013,50013,-1,,
87,87,1,4,50,8501,653,-1,50005,50005,50014,50014,-1,,
88,88,1,4,50,8501,653,-1,10017,10017,10017,10017,-1,,
89,89,1,4,50,8501,653,-1,10013,10013,10013,10013,-1,,
90,90,1,4,50,9001,653,-1,20024,20024,20024,20024,15,,
91,91,1,4,50,9001,653,-1,30018,30018,30018,30018,-1,,
92,92,1,4,50,9001,653,-1,20026,20026,20026,20026,-1,,
93,93,1,4,50,9001,653,-1,10006,10006,10013,10013,-1,,
94,94,1,4,50,9001,653,-1,60012,60012,60012,60012,-1,,
95,95,1,4,50,9501,653,-1,60014,60014,60014,60014,-1,,
96,96,1,4,50,9501,653,-1,30013,30013,30013,30013,-1,,
97,97,1,4,50,9501,653,-1,40024,40024,40024,40024,-1,,
98,98,1,4,50,9501,653,-1,40023,40023,40023,40023,-1,,
99,99,1,4,50,10001,653,-1,50013,20024,20024,20024,-1,,
100,100,1,4,50,10001,653,-1,10006,10018,10018,10018,15,,
101,101,1,4,50,10001,753,-1,-1,10002,-1,10002,-1,,
102,102,1,4,50,10001,753,-1,-1,10012,-1,10012,-1,,
103,103,1,4,50,10001,753,-1,-1,20005,-1,20005,-1,,
104,104,1,4,50,10001,753,-1,-1,20007,-1,20007,-1,,
105,105,1,4,50,10501,753,-1,-1,30004,-1,30004,-1,,
106,106,1,4,50,10501,753,-1,-1,30010,-1,30010,-1,,
107,107,1,4,50,10501,753,-1,-1,40011,-1,40011,-1,,
108,108,1,4,50,10501,753,40001,40001,-1,-1,-1,-1,,
109,109,1,4,50,10501,753,-1,-1,40005,-1,40005,-1,,
110,110,1,4,50,11001,753,-1,-1,50010,-1,50010,15,,
111,111,1,4,50,11001,753,-1,-1,50012,-1,50012,-1,,
112,112,1,4,50,11001,753,-1,-1,50008,-1,50008,-1,,
113,113,1,4,50,11001,753,-1,-1,60007,-1,60007,-1,,
114,114,1,4,50,11001,753,-1,-1,60002,-1,60002,-1,,
115,115,1,4,50,11501,753,-1,-1,60009,-1,60009,-1,,
116,116,1,4,50,11501,753,-1,-1,50009,-1,50009,-1,,
117,117,1,4,50,11501,753,-1,-1,50001,-1,50001,-1,,
118,118,1,4,50,11501,753,-1,-1,10009,-1,10009,-1,,
119,119,1,4,50,11501,753,-1,-1,10010,-1,10010,-1,,
120,120,1,4,50,12001,753,-1,-1,10003,-1,10003,15,,
121,121,1,4,50,12001,753,-1,-1,20007,-1,20007,-1,,
122,122,1,4,50,12001,753,-1,-1,20010,-1,20010,-1,,
123,123,1,4,50,12001,753,-1,-1,20014,-1,20014,-1,,
124,124,1,4,50,12001,753,-1,-1,30002,-1,30002,-1,,
125,125,1,4,50,12501,753,-1,-1,30011,-1,30011,-1,,
126,126,1,4,50,12501,753,-1,-1,30009,-1,30009,-1,,
127,127,1,4,50,12501,753,30004,30004,-1,-1,-1,-1,,
128,128,1,4,50,12501,753,-1,-1,40010,-1,40010,-1,,
129,129,1,4,50,12501,753,40011,40011,-1,-1,-1,-1,,
130,130,1,4,50,13001,753,-1,-1,50012,-1,50012,15,,
131,131,1,4,50,13001,753,-1,60002,-1,60009,-1,-1,,
132,132,1,4,50,13001,753,-1,10010,-1,60007,-1,-1,,
133,133,1,4,50,13001,753,-1,60002,-1,60011,-1,-1,,
134,134,1,4,50,13001,753,-1,-1,30010,-1,30010,-1,,
135,135,1,4,50,13501,753,-1,-1,30004,-1,30004,-1,,
136,136,1,4,50,13501,753,-1,20005,-1,20007,-1,-1,,
137,137,1,4,50,13501,753,-1,-1,10009,-1,10009,-1,,
138,138,1,4,50,13501,753,-1,-1,10003,-1,10003,-1,,
139,139,1,4,50,13501,753,-1,20007,-1,20007,-1,-1,,
140,140,1,4,50,14001,753,-1,-1,20005,-1,20005,15,,
141,141,1,4,50,14001,753,30004,30004,-1,-1,-1,-1,,
142,142,1,4,50,14001,753,-1,-1,30011,-1,30011,-1,,
143,143,1,4,50,14001,753,-1,-1,60007,-1,60007,-1,,
144,144,1,4,50,14001,753,60002,60002,-1,-1,-1,-1,,
145,145,1,4,50,14501,753,-1,30002,-1,50008,-1,-1,,
146,146,1,4,50,14501,753,-1,20007,-1,10009,-1,-1,,
147,147,1,4,50,14501,753,-1,-1,30009,-1,30009,-1,,
148,148,1,4,50,14501,753,-1,-1,30011,-1,30011,-1,,
149,149,1,4,50,14501,753,40001,40001,-1,-1,-1,-1,,
150,150,1,4,50,15001,753,-1,60002,-1,60007,-1,15,,
151,151,1,4,50,15001,753,-1,-1,10003,10009,10003,-1,,
152,152,1,4,50,15001,753,-1,10010,-1,20007,20007,-1,,
153,153,1,4,50,15001,753,20005,20005,-1,20005,-1,-1,,
154,154,1,4,50,15001,753,30009,30009,-1,30009,-1,-1,,
155,155,1,4,50,15501,753,-1,-1,30011,30011,30011,-1,,
156,156,1,4,50,15501,753,30004,30004,-1,30004,-1,-1,,
157,157,1,4,50,15501,753,-1,-1,30010,30010,30010,-1,,
158,158,1,4,50,15501,753,-1,-1,40011,40011,40011,-1,,
159,159,1,4,50,15501,753,-1,-1,40010,40010,40010,-1,,
160,160,1,4,50,16001,753,50001,50001,-1,50001,-1,15,,
161,161,1,4,50,16001,753,-1,-1,50012,50012,50012,-1,,
162,162,1,4,50,16001,753,-1,-1,50008,50008,50008,-1,,
163,163,1,4,50,16001,753,60002,60002,-1,60007,-1,-1,,
164,164,1,4,50,16001,753,-1,-1,60007,60009,60007,-1,,
165,165,1,4,50,16501,753,-1,-1,10003,20005,10003,-1,,
166,166,1,4,50,16501,753,-1,30002,30010,-1,30010,-1,,
167,167,1,4,50,16501,753,30011,30011,-1,40001,-1,-1,,
168,168,1,4,50,16501,753,-1,-1,10009,10009,10009,-1,,
169,169,1,4,50,16501,753,-1,-1,40001,40005,40001,-1,,
170,170,1,4,50,17001,753,40011,40011,-1,50001,-1,15,,
171,171,1,4,50,17001,753,-1,60002,60007,-1,60007,-1,,
172,172,1,4,50,17001,753,-1,-1,60009,60007,60009,-1,,
173,173,1,4,50,17001,753,-1,-1,50012,50012,50012,-1,,
174,174,1,4,50,17001,753,-1,30004,50008,-1,50008,-1,,
175,175,1,4,50,17501,753,30009,30009,-1,30009,-1,-1,,
176,176,1,4,50,17501,753,30011,30011,-1,30011,-1,-1,,
177,177,1,4,50,17501,753,20007,20007,-1,20007,-1,-1,,
178,178,1,4,50,17501,753,-1,-1,50009,50009,50009,-1,,
179,179,1,4,50,17501,753,-1,-1,50010,50010,50010,-1,,
180,180,1,4,50,18001,753,-1,-1,40005,40005,40005,15,,
181,181,1,4,50,18001,753,-1,-1,10003,10003,10003,-1,,
182,182,1,4,50,18001,753,-1,40011,20010,-1,20010,-1,,
183,183,1,4,50,18001,753,-1,-1,30002,30002,30002,-1,,
184,184,1,4,50,18001,753,-1,10009,30010,-1,30010,-1,,
185,185,1,4,50,18501,753,-1,60002,10003,-1,10003,-1,,
186,186,1,4,50,18501,753,10009,10009,10009,-1,10009,-1,,
187,187,1,4,50,18501,753,10003,10003,10003,-1,10003,-1,,
188,188,1,4,50,18501,753,20005,20005,20010,-1,20010,-1,,
189,189,1,4,50,18501,753,-1,20007,20007,20007,20007,-1,,
190,190,1,4,50,19001,753,30004,30004,30010,-1,30010,15,,
191,191,1,4,50,19001,753,30009,30009,30009,-1,30009,-1,,
192,192,1,4,50,19001,753,-1,30011,30011,30011,30011,-1,,
193,193,1,4,50,19001,753,40011,40011,40001,-1,40001,-1,,
194,194,1,4,50,19001,753,40005,40005,40010,-1,40010,-1,,
195,195,1,4,50,19501,753,60002,60002,50012,-1,50012,-1,,
196,196,1,4,50,19501,753,-1,50010,50010,50010,50010,-1,,
197,197,1,4,50,19501,753,60007,60007,50001,-1,50001,-1,,
198,198,1,4,50,19501,753,60001,60001,60001,-1,60001,-1,,
199,199,1,4,50,19501,753,-1,20005,50009,50009,50009,-1,,
200,200,1,4,50,20001,753,10010,10010,10009,-1,10009,15,,
201,201,1,4,50,20001,853,10010,-1,10012,10012,10012,-1,,
202,202,1,4,50,20001,853,-1,20005,10003,10003,10003,-1,,
203,203,1,4,50,20001,853,30009,30009,10009,-1,10009,-1,,
204,204,1,4,50,20001,853,-1,10010,10002,10002,10002,-1,,
205,205,1,4,50,20501,853,20007,20007,30011,-1,30011,-1,,
206,206,1,4,50,20501,853,30004,30004,30004,-1,30004,-1,,
207,207,1,4,50,20501,853,40005,40005,40005,-1,40005,-1,,
208,208,1,4,50,20501,853,-1,40011,40011,40011,40011,-1,,
209,209,1,4,50,20501,853,-1,60002,10009,10009,10009,-1,,
210,210,1,4,50,21001,853,30002,30002,10003,-1,10003,15,,
211,211,1,4,50,21001,853,30004,30004,20007,-1,20007,-1,,
212,212,1,4,50,21001,853,-1,40011,40009,40001,40009,-1,,
213,213,1,4,50,21001,853,50008,50008,50008,-1,50008,-1,,
214,214,1,4,50,21001,853,-1,40001,50009,50009,50009,-1,,
215,215,1,4,50,21501,853,-1,60002,60009,60007,60009,-1,,
216,216,1,4,50,21501,853,-1,60011,60011,60011,60011,-1,,
217,217,1,4,50,21501,853,20005,20005,20010,-1,20010,-1,,
218,218,1,4,50,21501,853,-1,40011,30004,30004,30004,-1,,
219,219,1,4,50,21501,853,30009,30009,30009,-1,30009,-1,,
220,220,1,4,50,22001,853,-1,30002,30011,30011,30011,15,,
221,221,1,4,50,22001,853,40001,40001,40005,-1,40005,-1,,
222,222,1,4,50,22001,853,40011,40011,50001,-1,50001,-1,,
223,223,1,4,50,22001,853,60002,60002,60011,-1,60011,-1,,
224,224,1,4,50,22001,853,-1,30004,10009,10009,10009,-1,,
225,225,1,4,50,22501,853,10010,10010,10002,-1,10002,-1,,
226,226,1,4,50,22501,853,20005,20005,20007,-1,20007,-1,,
227,227,1,4,50,22501,853,40005,40001,40001,-1,40005,-1,,
228,228,1,4,50,22501,853,-1,20014,20014,20014,20014,-1,,
229,229,1,4,50,22501,853,50010,50010,50010,-1,50010,-1,,
230,230,1,4,50,23001,853,-1,50012,50012,50012,50012,15,,
231,231,1,4,50,23001,853,-1,60002,50001,60007,50001,-1,,
232,232,1,4,50,23001,853,40001,40001,40011,-1,40011,-1,,
233,233,1,4,50,23001,853,30004,30004,30009,-1,30009,-1,,
234,234,1,4,50,23001,853,-1,10010,10009,10009,10009,-1,,
235,235,1,4,50,23501,853,60002,60002,10003,-1,10003,-1,,
236,236,1,4,50,23501,853,30010,30010,30009,-1,30009,-1,,
237,237,1,4,50,23501,853,-1,40011,40001,40010,40001,-1,,
238,238,1,4,50,23501,853,60007,60007,50012,-1,50012,-1,,
239,239,1,4,50,23501,853,-1,50010,50010,50010,50010,-1,,
240,240,1,4,50,24001,853,50008,50008,50008,-1,50008,15,,
241,241,1,4,50,24001,853,-1,60001,60001,60001,60001,-1,,
242,242,1,4,50,24001,853,-1,60002,60011,60011,60011,-1,,
243,243,1,4,50,24001,853,10009,10009,10009,-1,10009,-1,,
244,244,1,4,50,24001,853,-1,10012,10012,40001,10012,-1,,
245,245,1,4,50,24501,853,30004,30004,30011,-1,30011,-1,,
246,246,1,4,50,24501,853,-1,30002,30010,30010,30010,-1,,
247,247,1,4,50,24501,853,40011,40011,40005,-1,40005,-1,,
248,248,1,4,50,24501,853,-1,60007,60009,60007,60009,-1,,
249,249,1,4,50,24501,853,50009,50009,50009,-1,50009,-1,,
250,250,1,4,50,25001,853,-1,10010,30009,30009,30009,15,,
251,251,1,4,50,25001,853,20005,20005,20007,20007,20007,-1,,
252,252,1,4,50,25001,853,20004,20004,20004,20004,20004,-1,,
253,253,1,4,50,25001,853,30009,30009,30009,30009,30009,-1,,
254,254,1,4,50,25001,853,30004,30004,30011,30011,30011,-1,,
255,255,1,4,50,25501,853,30002,30002,30010,30010,30010,-1,,
256,256,1,4,50,25501,853,30011,30011,40001,30011,40001,-1,,
257,257,1,4,50,25501,853,40011,40011,40005,40005,40005,-1,,
258,258,1,4,50,25501,853,50009,50009,50009,50009,50009,-1,,
259,259,1,4,50,25501,853,50008,50008,50008,50008,50008,-1,,
260,260,1,4,50,26001,853,50010,50010,50010,50010,50010,15,,
261,261,1,4,50,26001,853,50001,50001,50012,50012,50012,-1,,
262,262,1,4,50,26001,853,60002,60011,60011,60011,60011,-1,,
263,263,1,4,50,26001,853,60001,60001,60001,60001,60001,-1,,
264,264,1,4,50,26001,853,60011,60011,60011,60011,60011,-1,,
265,265,1,4,50,26501,853,60007,60007,60007,60007,60007,-1,,
266,266,1,4,50,26501,853,50008,50008,50009,50009,50009,-1,,
267,267,1,4,50,26501,853,10010,10010,10003,10003,10003,-1,,
268,268,1,4,50,26501,853,20010,20010,20010,20010,20010,-1,,
269,269,1,4,50,26501,853,20014,20014,20014,20014,20014,-1,,
270,270,1,4,50,27001,853,10002,10002,10002,10002,10002,15,,
271,271,1,4,50,27001,853,40001,40001,40009,40009,40009,-1,,
272,272,1,4,50,27001,853,40001,40001,40011,40011,40011,-1,,
273,273,1,4,50,27001,853,40010,40010,50010,50010,50010,-1,,
274,274,1,4,50,27001,853,60007,60007,50009,50009,50009,-1,,
275,275,1,4,50,27501,853,20005,20005,60001,60001,60001,-1,,
276,276,1,4,50,27501,853,20010,20010,10003,10003,10003,-1,,
277,277,1,4,50,27501,853,20007,20007,20004,20004,20004,-1,,
278,278,1,4,50,27501,853,60007,60007,60011,60011,60011,-1,,
279,279,1,4,50,27501,853,40011,40011,60009,60009,60009,-1,,
280,280,1,4,50,28001,853,50008,50008,50008,50009,50008,15,,
281,281,1,4,50,28001,853,30011,30011,50001,30011,50001,-1,,
282,282,1,4,50,28001,853,40005,40005,40005,40005,40005,-1,,
283,283,1,4,50,28001,853,30004,30004,30009,30009,30009,-1,,
284,284,1,4,50,28001,853,30002,30002,30010,30010,30010,-1,,
285,285,1,4,50,28501,853,40009,40009,40009,40009,40009,-1,,
286,286,1,4,50,28501,853,50012,50012,50012,50012,50012,-1,,
287,287,1,4,50,28501,853,60009,60009,60011,60011,60011,-1,,
288,288,1,4,50,28501,853,60007,60007,60001,60001,60001,-1,,
289,289,1,4,50,28501,853,30011,30011,30011,30011,30011,-1,,
290,290,1,4,50,29001,853,30010,30010,30010,30010,30010,15,,
291,291,1,4,50,29001,853,10012,10012,10009,10009,10009,-1,,
292,292,1,4,50,29001,853,10003,10003,10002,10003,10002,-1,,
293,293,1,4,50,29001,853,20007,20007,20005,20005,20005,-1,,
294,294,1,4,50,29001,853,30002,30002,40001,40011,40001,-1,,
295,295,1,4,50,29501,853,40011,40011,30009,30009,30009,-1,,
296,296,1,4,50,29501,853,60002,60002,60007,60007,60007,-1,,
297,297,1,4,50,29501,853,30004,30004,30010,30010,30010,-1,,
298,298,1,4,50,29501,853,30009,30009,30011,30011,30011,-1,,
299,299,1,4,50,29501,853,10009,10009,10003,10009,10003,-1,,
300,300,1,4,50,30001,853,60007,60007,60009,60007,60009,15,,
301,301,1,4,50,30001,953,20005,20005,20007,20007,20007,-1,,
302,302,1,4,50,30001,953,20004,20004,20004,20004,20004,-1,,
303,303,1,4,50,30001,953,30009,30009,30009,30009,30009,-1,,
304,304,1,4,50,30001,953,30004,30004,30011,30011,30011,-1,,
305,305,1,4,50,30501,953,30002,30002,30010,30010,30010,-1,,
306,306,1,4,50,30501,953,30011,30011,40001,30011,40001,-1,,
307,307,1,4,50,30501,953,40011,40011,40005,40005,40005,-1,,
308,308,1,4,50,30501,953,50009,50009,50009,50009,50009,-1,,
309,309,1,4,50,30501,953,50008,50008,50008,50008,50008,-1,,
310,310,1,4,50,31001,953,50010,50010,50010,50010,50010,15,,
311,311,1,4,50,31001,953,50001,50001,50012,50012,50012,-1,,
312,312,1,4,50,31001,953,60002,60011,60011,60011,60011,-1,,
313,313,1,4,50,31001,953,60001,60001,60001,60001,60001,-1,,
314,314,1,4,50,31001,953,60011,60011,60011,60011,60011,-1,,
315,315,1,4,50,31501,953,60007,60007,60007,60007,60007,-1,,
316,316,1,4,50,31501,953,50008,50008,50009,50009,50009,-1,,
317,317,1,4,50,31501,953,10010,10010,10003,10003,10003,-1,,
318,318,1,4,50,31501,953,20010,20010,20010,20010,20010,-1,,
319,319,1,4,50,31501,953,20014,20014,20014,20014,20014,-1,,
320,320,1,4,50,32001,953,10002,10002,10002,10002,10002,15,,
321,321,1,4,50,32001,953,40001,40001,40009,40009,40009,-1,,
322,322,1,4,50,32001,953,40001,40001,40011,40011,40011,-1,,
323,323,1,4,50,32001,953,40010,40010,50010,50010,50010,-1,,
324,324,1,4,50,32001,953,60007,60007,50009,50009,50009,-1,,
325,325,1,4,50,32501,953,20005,20005,60001,60001,60001,-1,,
326,326,1,4,50,32501,953,20010,20010,10003,10003,10003,-1,,
327,327,1,4,50,32501,953,20007,20007,20004,20004,20004,-1,,
328,328,1,4,50,32501,953,60007,60007,60011,60011,60011,-1,,
329,329,1,4,50,32501,953,40011,40011,60009,60009,60009,-1,,
330,330,1,4,50,33001,953,50008,50008,50008,50009,50008,15,,
331,331,1,4,50,33001,953,30011,30011,50001,30011,50001,-1,,
332,332,1,4,50,33001,953,40005,40005,40005,40005,40005,-1,,
333,333,1,4,50,33001,953,30004,30004,30009,30009,30009,-1,,
334,334,1,4,50,33001,953,30002,30002,30010,30010,30010,-1,,
335,335,1,4,50,33501,953,40009,40009,40009,40009,40009,-1,,
336,336,1,4,50,33501,953,50012,50012,50012,50012,50012,-1,,
337,337,1,4,50,33501,953,60009,60009,60011,60011,60011,-1,,
338,338,1,4,50,33501,953,60007,60007,60001,60001,60001,-1,,
339,339,1,4,50,33501,953,30011,30011,30011,30011,30011,-1,,
340,340,1,4,50,34001,953,30010,30010,30010,30010,30010,15,,
341,341,1,4,50,34001,953,10012,10012,10009,10009,10009,-1,,
342,342,1,4,50,34001,953,10003,10003,10002,10003,10002,-1,,
343,343,1,4,50,34001,953,20007,20007,20005,20005,20005,-1,,
344,344,1,4,50,34001,953,30002,30002,40001,40011,40001,-1,,
345,345,1,4,50,34501,953,40011,40011,30009,30009,30009,-1,,
346,346,1,4,50,34501,953,60002,60002,60007,60007,60007,-1,,
347,347,1,4,50,34501,953,30004,30004,30010,30010,30010,-1,,
348,348,1,4,50,34501,953,30009,30009,30011,30011,30011,-1,,
349,349,1,4,50,34501,953,10009,10009,10003,10009,10003,-1,,
350,350,1,4,50,35001,953,60007,60007,60009,60007,60009,15,,
351,351,1,4,50,35001,953,20005,20005,20007,20007,20007,-1,,
352,352,1,4,50,35001,953,20004,20004,20004,20004,20004,-1,,
353,353,1,4,50,35001,953,30009,30009,30009,30009,30009,-1,,
354,354,1,4,50,35001,953,30004,30004,30011,30011,30011,-1,,
355,355,1,4,50,35501,953,30002,30002,30010,30010,30010,-1,,
356,356,1,4,50,35501,953,30011,30011,40001,30011,40001,-1,,
357,357,1,4,50,35501,953,40011,40011,40005,40005,40005,-1,,
358,358,1,4,50,35501,953,50009,50009,50009,50009,50009,-1,,
359,359,1,4,50,35501,953,50008,50008,50008,50008,50008,-1,,
360,360,1,4,50,36001,953,50010,50010,50010,50010,50010,15,,
361,361,1,4,50,36001,953,50001,50001,50012,50012,50012,-1,,
362,362,1,4,50,36001,953,60002,60011,60011,60011,60011,-1,,
363,363,1,4,50,36001,953,60001,60001,60001,60001,60001,-1,,
364,364,1,4,50,36001,953,60011,60011,60011,60011,60011,-1,,
365,365,1,4,50,36501,953,60007,60007,60007,60007,60007,-1,,
366,366,1,4,50,36501,953,50008,50008,50009,50009,50009,-1,,
367,367,1,4,50,36501,953,10010,10010,10003,10003,10003,-1,,
368,368,1,4,50,36501,953,20010,20010,20010,20010,20010,-1,,
369,369,1,4,50,36501,953,20014,20014,20014,20014,20014,-1,,
370,370,1,4,50,37001,953,10002,10002,10002,10002,10002,15,,
371,371,1,4,50,37001,953,40001,40001,40009,40009,40009,-1,,
372,372,1,4,50,37001,953,40001,40001,40011,40011,40011,-1,,
373,373,1,4,50,37001,953,40010,40010,50010,50010,50010,-1,,
374,374,1,4,50,37001,953,60007,60007,50009,50009,50009,-1,,
375,375,1,4,50,37501,953,20005,20005,60001,60001,60001,-1,,
376,376,1,4,50,37501,953,20010,20010,10003,10003,10003,-1,,
377,377,1,4,50,37501,953,20007,20007,20004,20004,20004,-1,,
378,378,1,4,50,37501,953,60007,60007,60011,60011,60011,-1,,
379,379,1,4,50,37501,953,40011,40011,60009,60009,60009,-1,,
380,380,1,4,50,38001,953,50008,50008,50008,50009,50008,15,,
381,381,1,4,50,38001,953,30011,30011,50001,30011,50001,-1,,
382,382,1,4,50,38001,953,40005,40005,40005,40005,40005,-1,,
383,383,1,4,50,38001,953,30004,30004,30009,30009,30009,-1,,
384,384,1,4,50,38001,953,30002,30002,30010,30010,30010,-1,,
385,385,1,4,50,38501,953,40009,40009,40009,40009,40009,-1,,
386,386,1,4,50,38501,953,50012,50012,50012,50012,50012,-1,,
387,387,1,4,50,38501,953,60009,60009,60011,60011,60011,-1,,
388,388,1,4,50,38501,953,60007,60007,60001,60001,60001,-1,,
389,389,1,4,50,38501,953,30011,30011,30011,30011,30011,-1,,
390,390,1,4,50,39001,953,30010,30010,30010,30010,30010,15,,
391,391,1,4,50,39001,953,10012,10012,10009,10009,10009,-1,,
392,392,1,4,50,39001,953,10003,10003,10002,10003,10002,-1,,
393,393,1,4,50,39001,953,20007,20007,20005,20005,20005,-1,,
394,394,1,4,50,39001,953,30002,30002,40001,40011,40001,-1,,
395,395,1,4,50,39501,953,40011,40011,30009,30009,30009,-1,,
396,396,1,4,50,39501,953,60002,60002,60007,60007,60007,-1,,
397,397,1,4,50,39501,953,30004,30004,30010,30010,30010,-1,,
398,398,1,4,50,39501,953,30009,30009,30011,30011,30011,-1,,
399,399,1,4,50,39501,953,10009,10009,10003,10009,10003,-1,,
400,400,1,4,50,40001,953,60007,60007,60009,60007,60009,15,,
401,401,1,4,50,40001,1053,10007,10007,10009,10009,10009,-1,,
402,402,1,4,50,40001,1053,10010,10010,10005,10003,10005,-1,,
403,403,1,4,50,40001,1053,20005,20005,20002,20007,20002,-1,,
404,404,1,4,50,40001,1053,20003,20003,20007,20010,20007,-1,,
405,405,1,4,50,40501,1053,30007,30007,30009,30009,30009,-1,,
406,406,1,4,50,40501,1053,40002,40011,40001,40002,40001,-1,,
407,407,1,4,50,40501,1053,40011,40011,40008,40005,40008,-1,,
408,408,1,4,50,40501,1053,40005,40005,50003,50001,50003,-1,,
409,409,1,4,50,40501,1053,50002,50002,50010,50010,50010,-1,,
410,410,1,4,50,41001,1053,60007,60006,60011,60006,60011,15,,
411,411,1,4,50,41001,1053,30004,30004,30006,50001,30006,-1,,
412,412,1,4,50,41001,1053,10009,10009,30007,30009,30007,-1,,
413,413,1,4,50,41001,1053,40011,40011,10007,40005,10007,-1,,
414,414,1,4,50,41001,1053,20003,10012,10003,50003,10003,-1,,
415,415,1,4,50,41501,1053,20002,20002,20010,20010,20010,-1,,
416,416,1,4,50,41501,1053,20007,20007,30006,20007,30006,-1,,
417,417,1,4,50,41501,1053,40005,40005,10007,50009,10007,-1,,
418,418,1,4,50,41501,1053,50003,50003,50010,50010,50010,-1,,
419,419,1,4,50,41501,1053,20003,20003,10009,10009,10009,-1,,
420,420,1,4,50,42001,1053,60003,50001,60007,60003,60007,15,,
421,421,1,4,50,42001,1053,40011,40011,10005,40001,10005,-1,,
422,422,1,4,50,42001,1053,20002,20002,20005,20007,20005,-1,,
423,423,1,4,50,42001,1053,30007,30009,30011,50003,30011,-1,,
424,424,1,4,50,42001,1053,50002,40010,40001,40008,40001,-1,,
425,425,1,4,50,42501,1053,60003,60003,60007,60007,60007,-1,,
426,426,1,4,50,42501,1053,10007,10007,10009,10009,10009,-1,,
427,427,1,4,50,42501,1053,10010,10010,10005,10003,10005,-1,,
428,428,1,4,50,42501,1053,20005,20005,20002,20007,20002,-1,,
429,429,1,4,50,42501,1053,20003,20003,20007,20010,20007,-1,,
430,430,1,4,50,43001,1053,30007,30007,30009,30009,30009,15,,
431,431,1,4,50,43001,1053,40002,40011,40001,40002,40001,-1,,
432,432,1,4,50,43001,1053,40011,40011,40008,40005,40008,-1,,
433,433,1,4,50,43001,1053,40005,40005,50003,50001,50003,-1,,
434,434,1,4,50,43001,1053,50002,50002,50010,50010,50010,-1,,
435,435,1,4,50,43501,1053,60007,60006,60011,60006,60011,-1,,
436,436,1,4,50,43501,1053,30004,30004,30006,50001,30006,-1,,
437,437,1,4,50,43501,1053,10009,10009,30007,30009,30007,-1,,
438,438,1,4,50,43501,1053,40011,40011,10007,40005,10007,-1,,
439,439,1,4,50,43501,1053,20003,10012,10003,50003,10003,-1,,
440,440,1,4,50,44001,1053,20002,20002,20010,20010,20010,15,,
441,441,1,4,50,44001,1053,20007,20007,30006,20007,30006,-1,,
442,442,1,4,50,44001,1053,40005,40005,10007,50009,10007,-1,,
443,443,1,4,50,44001,1053,50003,50003,50010,50010,50010,-1,,
444,444,1,4,50,44001,1053,20003,20003,10009,10009,10009,-1,,
445,445,1,4,50,44501,1053,60003,50001,60007,60003,60007,-1,,
446,446,1,4,50,44501,1053,40011,40011,10005,40001,10005,-1,,
447,447,1,4,50,44501,1053,20002,20002,20005,20007,20005,-1,,
448,448,1,4,50,44501,1053,30007,30009,30011,50003,30011,-1,,
449,449,1,4,50,44501,1053,50002,40010,40001,40008,40001,-1,,
450,450,1,4,50,45001,1053,60003,60003,60007,60007,60007,15,,
451,451,1,4,50,45001,1053,10007,10007,10009,10005,10009,-1,,
452,452,1,4,50,45001,1053,10010,10003,10005,10005,10005,-1,,
453,453,1,4,50,45001,1053,20005,20005,20002,20003,20002,-1,,
454,454,1,4,50,45001,1053,20003,20003,20007,20002,20007,-1,,
455,455,1,4,50,45501,1053,30007,30007,30009,30007,30009,-1,,
456,456,1,4,50,45501,1053,40002,40002,40001,40002,40001,-1,,
457,457,1,4,50,45501,1053,40011,40011,40008,40008,40008,-1,,
458,458,1,4,50,45501,1053,40005,40005,50003,50003,50003,-1,,
459,459,1,4,50,45501,1053,50002,50002,50010,50002,50010,-1,,
460,460,1,4,50,46001,1053,60006,60006,60011,60006,60011,15,,
461,461,1,4,50,46001,1053,30004,30004,30006,30006,30006,-1,,
462,462,1,4,50,46001,1053,10009,10009,30007,30007,30007,-1,,
463,463,1,4,50,46001,1053,40011,40011,10007,20002,10007,-1,,
464,464,1,4,50,46001,1053,20003,20003,10003,50003,10003,-1,,
465,465,1,4,50,46501,1053,20002,20002,20010,10007,20010,-1,,
466,466,1,4,50,46501,1053,20007,20007,30006,30006,30006,-1,,
467,467,1,4,50,46501,1053,40005,50003,10007,50009,10007,-1,,
468,468,1,4,50,46501,1053,50003,50003,50010,60003,50010,-1,,
469,469,1,4,50,46501,1053,20003,20003,10009,20002,10009,-1,,
470,470,1,4,50,47001,1053,60003,10007,60007,60003,60007,15,,
471,471,1,4,50,47001,1053,40011,40011,10005,10005,10005,-1,,
472,472,1,4,50,47001,1053,20002,20002,20005,30007,20005,-1,,
473,473,1,4,50,47001,1053,30007,30007,30011,50003,30011,-1,,
474,474,1,4,50,47001,1053,50002,50002,40001,40008,40001,-1,,
475,475,1,4,50,47501,1053,60003,60003,60007,50003,60007,-1,,
476,476,1,4,50,47501,1053,10007,10007,10009,10005,10009,-1,,
477,477,1,4,50,47501,1053,10010,10003,10005,10005,10005,-1,,
478,478,1,4,50,47501,1053,20005,20005,20002,20003,20002,-1,,
479,479,1,4,50,47501,1053,20003,20003,20007,20002,20007,-1,,
480,480,1,4,50,48001,1053,30007,30007,30009,30007,30009,15,,
481,481,1,4,50,48001,1053,40002,40002,40001,40002,40001,-1,,
482,482,1,4,50,48001,1053,40011,40011,40008,40008,40008,-1,,
483,483,1,4,50,48001,1053,40005,40005,50003,50003,50003,-1,,
484,484,1,4,50,48001,1053,50002,50002,50010,50002,50010,-1,,
485,485,1,4,50,48501,1053,60006,60006,60011,60006,60011,-1,,
486,486,1,4,50,48501,1053,30004,30004,30006,30006,30006,-1,,
487,487,1,4,50,48501,1053,10009,10009,30007,30007,30007,-1,,
488,488,1,4,50,48501,1053,40011,40011,10007,20002,10007,-1,,
489,489,1,4,50,48501,1053,20003,20003,10003,50003,10003,-1,,
490,490,1,4,50,49001,1053,20002,20002,20010,10007,20010,15,,
491,491,1,4,50,49001,1053,20007,20007,30006,30006,30006,-1,,
492,492,1,4,50,49001,1053,40005,50003,10007,50009,10007,-1,,
493,493,1,4,50,49001,1053,50003,50003,50010,60003,50010,-1,,
494,494,1,4,50,49001,1053,20003,20003,10009,20002,10009,-1,,
495,495,1,4,50,49501,1053,60003,10007,60007,60003,60007,-1,,
496,496,1,4,50,49501,1053,40011,40011,10005,10005,10005,-1,,
497,497,1,4,50,49501,1053,20002,20002,20005,30007,20005,-1,,
498,498,1,4,50,49501,1053,30007,30007,30011,50003,30011,-1,,
499,499,1,4,50,49501,1053,50002,50002,40001,40008,40001,-1,,
500,500,1,4,50,50001,1053,60003,60003,60007,50003,60007,15,,
501,501,1,4,50,50001,1153,10007,10003,10005,10005,10005,-1,,
502,502,1,4,50,50001,1153,10010,10007,10005,10005,10005,-1,,
503,503,1,4,50,50001,1153,30007,20005,20002,20003,20002,-1,,
504,504,1,4,50,50001,1153,20003,20003,30006,20002,20007,-1,,
505,505,1,4,50,50501,1153,30007,30007,30009,30007,30006,-1,,
506,506,1,4,50,50501,1153,40002,40002,50003,40002,40001,-1,,
507,507,1,4,50,50501,1153,30007,40011,40008,40008,40008,-1,,
508,508,1,4,50,50501,1153,40005,30006,50003,50003,50003,-1,,
509,509,1,4,50,50501,1153,50002,50002,10007,50002,50010,-1,,
510,510,1,4,50,51001,1153,60006,60006,60003,60006,60011,15,,
511,511,1,4,50,51001,1153,30004,50003,30006,30006,30006,-1,,
512,512,1,4,50,51001,1153,10009,60006,30007,30007,30007,-1,,
513,513,1,4,50,51001,1153,40011,50002,10007,20002,10007,-1,,
514,514,1,4,50,51001,1153,20003,20003,20002,50003,10003,-1,,
515,515,1,4,50,51501,1153,20002,20002,50003,10007,20010,-1,,
516,516,1,4,50,51501,1153,30007,20007,30006,30006,30006,-1,,
517,517,1,4,50,51501,1153,40005,50003,10007,40008,10007,-1,,
518,518,1,4,50,51501,1153,50003,50003,60006,60003,50010,-1,,
519,519,1,4,50,51501,1153,20003,20003,40002,20002,10009,-1,,
520,520,1,4,50,52001,1153,60003,10007,40008,60007,40008,15,,
521,521,1,4,50,52001,1153,40011,10007,10005,10005,10005,-1,,
522,522,1,4,50,52001,1153,20002,20002,30006,30007,20005,-1,,
523,523,1,4,50,52001,1153,30007,30007,50003,50003,30011,-1,,
524,524,1,4,50,52001,1153,50002,50002,40008,40008,40001,-1,,
525,525,1,4,50,52501,1153,60003,60003,60007,50003,50003,-1,,
526,526,1,4,50,52501,1153,10007,10003,10005,10005,10005,-1,,
527,527,1,4,50,52501,1153,10010,10007,10005,10005,10005,-1,,
528,528,1,4,50,52501,1153,30007,20005,20002,20003,20002,-1,,
529,529,1,4,50,52501,1153,20003,20003,30006,20002,20007,-1,,
530,530,1,4,50,53001,1153,30007,30007,30009,30007,30006,15,,
531,531,1,4,50,53001,1153,40002,40002,50003,40002,40001,-1,,
532,532,1,4,50,53001,1153,30007,40011,40008,40008,40008,-1,,
533,533,1,4,50,53001,1153,40005,30006,50003,50003,50003,-1,,
534,534,1,4,50,53001,1153,50002,50002,10007,50002,50010,-1,,
535,535,1,4,50,53501,1153,60006,60006,60003,60006,60011,-1,,
536,536,1,4,50,53501,1153,30004,50003,30006,30006,30006,-1,,
537,537,1,4,50,53501,1153,10009,60006,30007,30007,30007,-1,,
538,538,1,4,50,53501,1153,40011,50002,10007,20002,10007,-1,,
539,539,1,4,50,53501,1153,20003,20003,20002,50003,10003,-1,,
540,540,1,4,50,54001,1153,20002,20002,50003,10007,20010,15,,
541,541,1,4,50,54001,1153,30007,20007,30006,30006,30006,-1,,
542,542,1,4,50,54001,1153,40005,50003,10007,40008,10007,-1,,
543,543,1,4,50,54001,1153,50003,50003,60006,60003,50010,-1,,
544,544,1,4,50,54001,1153,20003,20003,40002,20002,10009,-1,,
545,545,1,4,50,54501,1153,60003,10007,40008,60007,40008,-1,,
546,546,1,4,50,54501,1153,40011,10007,10005,10005,10005,-1,,
547,547,1,4,50,54501,1153,20002,20002,30006,30007,20005,-1,,
548,548,1,4,50,54501,1153,30007,30007,50003,50003,30011,-1,,
549,549,1,4,50,54501,1153,50002,50002,40008,40008,40001,-1,,
550,550,1,4,50,55001,1153,60003,60003,60007,50003,50003,15,,
551,551,1,4,50,55001,1153,10007,10007,10005,10005,10005,-1,,
552,552,1,4,50,55001,1153,20003,10007,10005,10005,10005,-1,,
553,553,1,4,50,55001,1153,30007,30007,20002,20003,20002,-1,,
554,554,1,4,50,55001,1153,20003,20003,30006,20002,30006,-1,,
555,555,1,4,50,55501,1153,30007,30007,10007,30007,30006,-1,,
556,556,1,4,50,55501,1153,40002,40002,50003,40002,50003,-1,,
557,557,1,4,50,55501,1153,30007,50002,40008,40008,40008,-1,,
558,558,1,4,50,55501,1153,30006,30006,50003,50003,50003,-1,,
559,559,1,4,50,55501,1153,50002,50002,10007,50002,10007,-1,,
560,560,1,4,50,56001,1153,60006,60006,60003,60006,60003,15,,
561,561,1,4,50,56001,1153,30007,50003,30006,30006,30006,-1,,
562,562,1,4,50,56001,1153,60006,60006,30007,30007,30007,-1,,
563,563,1,4,50,56001,1153,50002,50002,10007,20002,10007,-1,,
564,564,1,4,50,56001,1153,20003,20003,20002,50003,20002,-1,,
565,565,1,4,50,56501,1153,20002,20002,50003,10007,20003,-1,,
566,566,1,4,50,56501,1153,30007,30007,30006,30006,30006,-1,,
567,567,1,4,50,56501,1153,40002,50003,10007,40008,10007,-1,,
568,568,1,4,50,56501,1153,50003,50003,60006,60003,60006,-1,,
569,569,1,4,50,56501,1153,20003,20003,40002,20002,40002,-1,,
570,570,1,4,50,57001,1153,60003,10007,40008,50003,40008,15,,
571,571,1,4,50,57001,1153,60003,10007,10005,10005,10005,-1,,
572,572,1,4,50,57001,1153,20002,20002,30006,30007,30006,-1,,
573,573,1,4,50,57001,1153,30007,30007,50003,60003,50003,-1,,
574,574,1,4,50,57001,1153,50002,50002,40008,40008,40008,-1,,
575,575,1,4,50,57501,1153,60003,60003,50003,50002,50003,-1,,
576,576,1,4,50,57501,1153,10007,10007,10005,10005,10005,-1,,
577,577,1,4,50,57501,1153,20003,10007,10005,10005,10005,-1,,
578,578,1,4,50,57501,1153,30007,30007,20002,20003,20002,-1,,
579,579,1,4,50,57501,1153,20003,20003,30006,20002,30006,-1,,
580,580,1,4,50,58001,1153,30007,30007,10007,30007,30006,15,,
581,581,1,4,50,58001,1153,40002,40002,50003,40002,50003,-1,,
582,582,1,4,50,58001,1153,30007,50002,40008,40008,40008,-1,,
583,583,1,4,50,58001,1153,30006,30006,50003,50003,50003,-1,,
584,584,1,4,50,58001,1153,50002,50002,10007,50002,10007,-1,,
585,585,1,4,50,58501,1153,60006,60006,60003,60006,60003,-1,,
586,586,1,4,50,58501,1153,30007,50003,30006,30006,30006,-1,,
587,587,1,4,50,58501,1153,60006,60006,30007,30007,30007,-1,,
588,588,1,4,50,58501,1153,50002,50002,10007,20002,10007,-1,,
589,589,1,4,50,58501,1153,20003,20003,20002,50003,20002,-1,,
590,590,1,4,50,59001,1153,20002,20002,50003,10007,20003,15,,
591,591,1,4,50,59001,1153,30007,30007,30006,30006,30006,-1,,
592,592,1,4,50,59001,1153,40002,50003,10007,40008,10007,-1,,
593,593,1,4,50,59001,1153,50003,50003,60006,60003,60006,-1,,
594,594,1,4,50,59001,1153,20003,20003,40002,20002,40002,-1,,
595,595,1,4,50,59501,1153,60003,10007,40008,50003,40008,-1,,
596,596,1,4,50,59501,1153,60003,10007,10005,10005,10005,-1,,
597,597,1,4,50,59501,1153,20002,20002,30006,30007,30006,-1,,
598,598,1,4,50,59501,1153,30007,30007,50003,60003,50003,-1,,
599,599,1,4,50,59501,1153,50002,50002,40008,40008,40008,-1,,
600,600,1,4,50,60001,1153,60003,60003,50003,50002,50003,15,,
